web-scraper-start-url;link-produk;link-produk-href;judul;harga
https://www.tokopedia.com/search?q=rx+6600&source=universe&st=product&navsource=home&srp_component_id=02.02.02.01;MSI Radeon RX 6600 8GB DDR6 - MECH 2XRp4.254.000CashbackJakarta PusatEnter Komputer Official5.0Terjual 30+;https://www.tokopedia.com/enterkomputer/msi-radeon-rx-6600-8gb-ddr6-mech-2x?extParam=ivf%3Dfalse%26src%3Dsearch;MSI Radeon RX 6600 8GB DDR6 - MECH 2X;Rp4.254.000
https://www.tokopedia.com/search?q=rx+6600&source=universe&st=product&navsource=home&srp_component_id=02.02.02.01;TerlarisPOWERCOLOR RX 6600 HELLHOUND 8Gb GDDR6Rp3.830.000CashbackJakarta Pusattoko expert komputer5.0Terjual 40+;https://www.tokopedia.com/tokoexpert/powercolor-rx-6600-hellhound-8gb-gddr6?extParam=ivf%3Dfalse%26src%3Dsearch;POWERCOLOR RX 6600 HELLHOUND 8Gb GDDR6;Rp3.830.000
https://www.tokopedia.com/search?q=rx+6600&source=universe&st=product&navsource=home&srp_component_id=02.02.02.01;TerlarisMSI Radeon RX 6600 MECH 2X 8GB GDDR6Rp3.990.000CashbackJakarta Pusattoko expert komputer5.0Terjual 70+;https://www.tokopedia.com/tokoexpert/msi-radeon-rx-6600-mech-2x-8gb-gddr6?extParam=ivf%3Dfalse%26src%3Dsearch;MSI Radeon RX 6600 MECH 2X 8GB GDDR6;Rp3.990.000
https://www.tokopedia.com/search?q=rx+6600&source=universe&st=product&navsource=home&srp_component_id=02.02.02.01;TerlarisPOWERCOLOR Fighter AMD Radeon™ RX 6600 8GB GDDR6Rp3.649.000CashbackJakarta PusatNano Komputer5.0Terjual 100+;https://www.tokopedia.com/nanokomputer/powercolor-fighter-amd-radeon-rx-6600-8gb-gddr6?extParam=ivf%3Dfalse%26src%3Dsearch;POWERCOLOR Fighter AMD Radeon™ RX 6600 8GB GDDR6;Rp3.649.000
https://www.tokopedia.com/search?q=rx+6600&source=universe&st=product&navsource=home&srp_component_id=02.02.02.01;TerlarisPOWERCOLOR RX 6600 FIGHTER 8Gb GDDR6Rp3.634.000CashbackJakarta Pusattoko expert komputer4.9Terjual 100+;https://www.tokopedia.com/tokoexpert/powercolor-rx-6600-fighter-8gb-gddr6?extParam=ivf%3Dfalse%26src%3Dsearch;POWERCOLOR RX 6600 FIGHTER 8Gb GDDR6;Rp3.634.000
https://www.tokopedia.com/search?q=rx+6600&source=universe&st=product&navsource=home&srp_component_id=02.02.02.01;MSI VGA RX 6600 ARMOR 8GRp3.999.000Jakarta PusatAlfa Artha Andhaya;https://ta.tokopedia.com/promo/v1/clicks/8a-xgVY2gmUEH_rF6_eRH_1Rbm-xgVY789CBUsthbm-Orfua9fBjUstiHmUDUSoBrRo2QfNwq3ei6i-N_pzRoSzsrIuUoRgmHBCNZfgfy_zjqRVXgfom_JNUZcOg8Iuw1Bz18Vzk1ABcyp-Fzjd73jYNy3-p8VCAHOgp8jzu1fPzHJVyPjxRZ_CRgcNM81g2y3zbqOomQVU7ZcY56AVqr1P_ySCxHIV_HjP1g1OvgsBcZBz1H_ut_7NRqZUDUSz2Q31i6sJfos1a6_edosrDUMoFyaUEo_1Fbm-FQRo2PcB5QiUEoZFiy3hSUstirRzW9fFp9fFa9fFhUiFiQSuWyMua9fYM9fVjraUEHsnDUMNOQ3-BrBYxgIowrMuhUstaHmFiyfV79fBjraUE3pUNoaFa6_jDHpjOHu7DUMNwyfVXgcBjy9zB9fVjraUEo_JDUMVi9RzBrRei6i-6UiFircYpPVYxQcri6i-srcowrfx5rVYOQSJibm-fg9-pq3YXUstiPsUibm-xgVYpyfYagZUEopr7bsJ7osr7HpHRoprR6AyDUSHp9fh5gaUEUMuNZM2jZJ2M33NGPMep_Mh-qMY2_1o-r7BW_sCsQABE3BPc8ujagfBvq1Bd_92oP1OE_92o8jOE_92o8jOE_92o8ju2_JoGrB2yQAoiH7203Ao6qMUpZMh-qMY2_1o-r7BWo9giQ1NDZ325q1YI39P6z7Od392uPV29z_Vqq_nF_7zsH1h9zMxoHjB73M2ooJOE_92gQ1jp3uPcq1B2PfBiH72F3s-DPuKa1MhszsBF3jo-ojBke3BHe72fyfODQMV9o3gsZJ2f3jx3qMzc69Cqe7jfZ32Cq1hAZSgsQ3hXyurOgMHaqIgszsBF3jo-ojBke3BHe72dgVP383u36_CgufzEZ325q3-J_Mgo8MDh_uxd6c-JZSoiHfedgjPR8c-I6_oMZIxEgJrh6cgI_MB-q9P2yp-6PMoWuMggQj2fgAo6QJBkQfBoqB1h_c2SH7O1_9x6ucDp_7zVH1OkqRB-q9P2yp-6PMoWuMgsHBgtyfO6Q7BkQfB68MHF_c2VHJNkypCo8j7p_S2sH7YJ33BM1_7YUiFiyfhOrRzBrBY2gVYfHiUEHpnpopeDUMoxPcuSQR-N9RoOgfPBrRzwy9z7rMBiP9zBUs2QUsHNo_JibmU7HAnNUiFiHpnpUiFiosJaUiFiHpKOHm-Pbm-SrMYOrVYpPI-xPcuS8ZUE3pJDHB7DUSCaq3oB9f-2gmUEo_1Fbm-SQfVD9fBjUstabm-Mq3NxQVYag3hay3N09fVjrfo5rM1i6sJpHsHX6A1RHpHOHsyOH_yabm-hP3ua8uYag3hay3N09RosQR-BUstFbsrhHAndo_rRopJpoAUdH_PY?page=1&ob=23&is_search=1&pub_id=0&keywords=rx+6600&dv=desktop&pub_domain=0&r=https%3A%2F%2Fwww.tokopedia.com%2Falfaatri%2Fmsi-vga-rx-6600-armor-8g%3FextParam%3Divf%253Dfalse%26src%3Dtopads&management_type=1&t=desktop&src=search&pub_unit=0;MSI VGA RX 6600 ARMOR 8G;Rp3.999.000
https://www.tokopedia.com/search?q=rx+6600&source=universe&st=product&navsource=home&srp_component_id=02.02.02.01;MSI VGA AMD Radeon RX 6600 XT GAMING X 8GRp4.649.000CashbackJakarta PusatRedcomp5.0Terjual 6;https://ta.tokopedia.com/promo/v1/clicks/8a-xgVY2gmUEH_eNoAeOo_nhbm-xgVY789CBUsthbm-Orfua9fBjUstiHmUDUSoBrRo2QfNwq3ei6i-N_pzRoSzsrIuUoRgmHBCNZfgfy_zjqRVXgfom_JNUZcOg8Iuw1Bz18Vzk1ABcyp-Fzjd73jYNy3-p8VCAHOgp8jzu1fPzHJVyPjxRZ_CRgcNM81g2y3zbqOomQVU7ZcY56AVqr1P_ySCxHIV_HjP1g1OvgsBcZBz1H_ut_7NRqZUDUSz2Q31i6sJfos1a6_edosrDUMoFyaUEo_1Fbm-FQRo2PcB5QiUEomFiy3hSUstirRzW9fFp9fFa9fFhUiFiQSuWyMua9fYM9fVjraUEHsnDUMNOQ3-BrBYxgIowrMuhUstaHmFiyfV79fBjraUE3pUNoaFa6_jDHpjOHu7DUMNwyfVXgcBjy9zB9fVjraUEo_JDUMVi9RzBrRei6i-6UiFircYpPVYxQcri6i-srcowrfx5rVYOQSJibm-fg9-pq3YXUstiPsUibm-xgVYpyfYagZUEH_1OHadNoAUa6_Haop1Fo_Kdbm-pHOYDQfri6i-B812kgJxGgBBXZSgjH7NDZ325q1OAoAz6uJBN_S2-H7OkyRB68jjp_32s81B2PfBgHO-N3Ao6QVByZM2xe7jfZ32oP7OAZ9o-Q9zDguxjPMoW1MgsHjNfyfOuq1Y2Z9P-q9P2yM7NPujau3Bvq1j73M2CHVBEzM261pVD3uz3Q1h11_z68Bu73uPV8BB2H3Oo8MPE_926quBkgcxgu7B2_JoGPMoWQcNxupuM3jP3POKaQcW-qMY2_1o-r7BW69BxufzFyMFNPfoW63Wju7dF3A-Dq7BkQfBoe7BpZ37N83V9gICiQABEy1rNPOKaQcW-qMY2_1o-r7BXzsVq3JtO3AoZqVtp_3Bvq12p__Jd8jY1u9xMZIxp_3OdPMep8AxizJgpysoj6cgU_sCi3IKd3_--q1hAZS2gHsBN3ByNq3oW6_osHBu2_fB-81Nku9u6uVBE_92-oJN1yRxvzVJ7_jzzq1hAZS2gHsBN3ByN8B29zSBgHMP2_fB-8JN1u92HqMDF_32-o1OEZ_o6uJJh_7zSq3gzv_7ibm-sQIupPcua9fBj9RyaUstpHAHRomFiyfV7g3P5rSBwrRuSgfupPVYxPIzaq3-OPc1i6BDiHpjOHZUDUseFHAjibmUpHAHibmUfH_UibmUp6A1FUB7DUMPaQRuF9Ro7rMV7g3PNUs2QHZFa9ZFirI-2yfuwyMBjUstOo_nDUMP5y3hwq3ei6sUDUMg2QMVD9R-BQI-xQMWwy3zpyfYagZUEHs1N6ZdRo_npopKaopnO6_JRbm-hP3ua8uYag3hay3N09RosQR-BUstFbsyRHpnFHpJfopJdoAJfH_-Y?pub_domain=0&t=desktop&pub_unit=0&keywords=rx+6600&management_type=1&r=https%3A%2F%2Fwww.tokopedia.com%2Fredcomp%2Fmsi-vga-amd-radeon-rx-6600-xt-gaming-x-8g%3FextParam%3Divf%253Dfalse%26src%3Dtopads&src=search&dv=desktop&pub_id=0&ob=23&is_search=1&page=1;MSI VGA AMD Radeon RX 6600 XT GAMING X 8G;Rp4.649.000
https://www.tokopedia.com/search?q=rx+6600&source=universe&st=product&navsource=home&srp_component_id=02.02.02.01;PC Gaming AMD 5000 Ryzen 7 5700X | RX 6600 8GB | 16GB | NVMeRp13.580.000CashbackBandungNENET COMPUTER;https://ta.tokopedia.com/promo/v1/clicks/8a-xgVY2gmUEH_rFo_JOopyfbm-xgVY789CBUsthbm-Orfua9fBjUstiHmUDUSoBrRo2QfNwq3ei6i-N_pzRoSzsrIuUoRgmHBCNZfgfy_zjqRVXgfom_JNUZcOg8Iuw1Bz18Vzk1ABcyp-Fzjd73jYNy3-p8VCAHOgp8jzu1fPzHJVyPjxRZ_CRgcNM81g2y3zbqOomQVU7ZcY56AVqr1P_ySCxHIV_HjP1g1OvgsBcZBz1H_ut_7NRqZUDUSz2Q31i6sJfos1a6_edosrDUMoFyaUEosnFbm-FQRo2PcB5QiUEHaFiy3hSUstirRzW9fFp9fFa9fFhUiFiQSuWyMua9fYM9fVjraUEHsnDUMNOQ3-BrBYxgIowrMuhUstaHmFiyfV79fBjraUE3pUNoaFp6AeRbAeFHABPbm-X9foxQMz2gcV7guYxgIHi6s1hbm-xyBY7g9o7Usti_iUDUSC5rRzwy3hSUstiyRCs9RotQRCwP3NhUiFiPMuarfB5QiUEUSyaUiFiy3zwrfo5rM1i6sJFH_eXH_KO6AnfHpHdH_rO6mFirpowQcYSUstig9BGqMzUZMggQj2fgAo6QJBkQfBoe7BpZ3O6HcoD692qu7gN3_-Sq1Y2Z_oozJV2_JoGrB2yQAoiH7203Ao6qMUpZMh-qMY2_1o-r7BWo9giQ1NDZ325q1YI39P6z7Od392uPV29z_Vqq_nF_7zsH1h9zMxoHjB73M2ooJOE_92gQ1jp3uPcq1B2PfBiH72F3s-DPuKa1MhszsBF3jo-ojBke3BHe72fyfODQMV9o3gsZJ2f3jx3qMzc69Cqe7jfZ32Cq1hAZSgsQ3hXyurOgMHaqIgszsBF3jo-ojBke3BHe72dgVP383u36_CgufzEZ325q3-JZSoiHfedgjPR8BxE19PozcFdgjPR8c-I6_oMZIxEgJrh6cgI_MB-q9P2yp-6PMoWuMggQj2fgAo6QJBkQfBoqB1O_c2uoJYJz_V6uVVd_OzCH1N1yfBHe72E3_UN8u23692qu7gN3_-Sq1Y2Z9xozJ1F_c2VoJN1gRP6qjOE_7zVH7N1gfBM1_7YUiFiyfhOrRzBrBY2gVYfHiUEopeFHmFiyfV7g3P5rSBwrRuSgfupPVYxPIzaq3-OPc1i6BDiHpjOHZUDUseFHAjibmUpHAHibmUfH_UibmUp6A1FUB7DUMPaQRuF9Ro7rMV7g3PNUs2QHZFa9ZFirI-2yfuwyMBjUstfHAnDUMP5y3hwq3ei6sUDUMg2QMVD9R-BQI-xQMWwy3zpyfYagZUEH_1f6md7H_eRopUfosydHpJDUSVOg9-N9R-BQI-xQMWwrfo5rM1i6snXo_efoArfop1a6_epHAKNHR7?ob=23&pub_id=0&pub_unit=0&management_type=1&is_search=1&pub_domain=0&r=https%3A%2F%2Fwww.tokopedia.com%2Fnenetcomputer%2Fpc-gaming-amd-5000-ryzen-7-5700x-rx-6600-8gb-16gb-nvme%3FextParam%3Divf%253Dfalse%26src%3Dtopads&t=desktop&keywords=rx+6600&src=search&page=1&dv=desktop;PC Gaming AMD 5000 Ryzen 7 5700X | RX 6600 8GB | 16GB | NVMe;Rp13.580.000
https://www.tokopedia.com/search?q=rx+6600&source=universe&st=product&navsource=home&srp_component_id=02.02.02.01;MSI VGA AMD RX 6600 XT MECH 2X 8G OCRp4.299.00031%Rp6.250.000Jakarta PusatRedcomp5.0Terjual 22;https://ta.tokopedia.com/promo/v1/clicks/8a-xgVY2gmUEH_eNoAeOo_nFbm-xgVY789CBUsthbm-Orfua9fBjUstiHmUDUSoBrRo2QfNwq3ei6i-N_pzRoSzsrIuUoRgmHBCNZfgfy_zjqRVXgfom_JNUZcOg8Iuw1Bz18Vzk1ABcyp-Fzjd73jYNy3-p8VCAHOgp8jzu1fPzHJVyPjxRZ_CRgcNM81g2y3zbqOomQVU7ZcY56AVqr1P_ySCxHIV_HjP1g1OvgsBcZBz1H_ut_7NRqZUDUSz2Q31i6sJfos1a6_edosrDUMoFyaUEo_1Fbm-FQRo2PcB5QiUEHiFiy3hSUstirRzW9fFp9fFa9fFhUiFiQSuWyMua9fYM9fVjraUEHsnDUMNOQ3-BrBYxgIowrMuhUstaHmFiyfV79fBjraUE3pUNoaFa6_jDHpjOHu7DUMNwyfVXgcBjy9zB9fVjraUEo_JDUMVi9RzBrRei6i-6UiFircYpPVYxQcri6i-srcowrfx5rVYOQSJibm-fg9-pq3YXUstiPsUibm-xgVYpyfYagZUEHpUaHidpH_ehH_KaopeRHpHDUSHp9fh5gaUEUMuNZM2jZJ2M33NGPMep_Mh-qMY2_uH7H7NJe_zouJBE_S208JO1e9B6uJ1FZ3BRqujp1SByH7ND3uxGqMVAZ_g-qj7h_1o-r7BWPchB3czfyfOZgMHa_SgsQuu2_fB-P7B2PfBiQ_BO3_-uq1Y2Z_zqqjJF392cqjN_H3hguVgW_VzzoJNEu9zgu7uE33jhQ1OEgR2o8jN2332jqVB9Z3BHe72fyfODQMV9o3gqzOgR3A-Dq7BkQfBoe7BpZ37N83V9gICiQABRyf7Nqfz9_sCyHMh0Z325q1OAZ9o-Q_BNyuPjrc-D692xzpBR3A-Dq7BkQfBoe7BpZ3NcHu2yZsuyHO-t3sooq1Y2ZSooH_xE_Ozu8cgU8IooQ9xfgAod6c-JzSoiHfedgjx6Hc-y8AxgHjB2_JoG8Bja69BqusB2yf7NHfHau3Bvq1BN_S20P1Y1u9B6uVBd_Oz-HJN1ypVve7BpZ3N6qMUpZMhyH7ND3uxGqMVAZ_g-qjON_32-P1OEz_CouJ17_32sHJNE_92-QsnYUiFiyfhOrRzBrBY2gVYfHiUEHpnpopeDUMoxPcuSQR-N9RoOgfPBrRzwy9z7rMBiP9zBUs2QUsHNo_JibmU7HAnNUiFiHpnpUiFiosJaUiFiHpKOHm-Pbm-SrMYOrVYpPI-xPcuS8ZUE3pJDHB7DUSCaq3oB9f-2gmUEo_1Fbm-SQfVD9fBjUstabm-Mq3NxQVYag3hay3N09fVjrfo5rM1i6s1fHsjX6AyhHsJf6_KhHprNbm-hP3ua8uYag3hay3N09RosQR-BUstFbsr7opJ76AedHAjR6_JOHR7?t=desktop&pub_unit=0&ob=23&management_type=1&src=search&dv=desktop&pub_domain=0&pub_id=0&page=1&r=https%3A%2F%2Fwww.tokopedia.com%2Fredcomp%2Fmsi-vga-amd-rx-6600-xt-mech-2x-8g-oc%3FextParam%3Divf%253Dfalse%26src%3Dtopads&keywords=rx+6600&is_search=1;MSI VGA AMD RX 6600 XT MECH 2X 8G OC;Rp4.299.000
https://www.tokopedia.com/search?q=rx+6600&source=universe&st=product&navsource=home&srp_component_id=02.02.02.01;Produk TerbaruMSI VGA RX 6600 XT MECH 2X 8G OCV1Rp4.299.00031%Rp6.250.000Jakarta PusatAlfa Artha Andhaya;https://ta.tokopedia.com/promo/v1/clicks/8a-xgVY2gmUEH_rF6_eRH_1fbm-xgVY789CBUsthbm-Orfua9fBjUstiHmUDUSoBrRo2QfNwq3ei6i-N_pzRoSzsrIuUoRgmHBCNZfgfy_zjqRVXgfom_JNUZcOg8Iuw1Bz18Vzk1ABcyp-Fzjd73jYNy3-p8VCAHOgp8jzu1fPzHJVyPjxRZ_CRgcNM81g2y3zbqOomQVU7ZcY56AVqr1P_ySCxHIV_HjP1g1OvgsBcZBz1H_ut_7NRqZUDUSz2Q31i6sJfos1a6_edosrDUMoFyaUEo_1Fbm-FQRo2PcB5QiUEHZFiy3hSUstirRzW9fFp9fFa9fFhUiFiQSuWyMua9fYM9fVjraUEHsnDUMNOQ3-BrBYxgIowrMuhUstaHmFiyfV79fBjraUE3pUNoaFa6_jDHpjOHu7DUMNwyfVXgcBjy9zB9fVjraUEo_JDUMVi9RzBrRei6i-6UiFircYpPVYxQcri6i-srcowrfx5rVYOQSJibm-fg9-pq3YXUstiPsUibm-xgVYpyfYagZUEHpJNHidfH_HhoAyF6Arh6mFirpowQcYSUstig9BGqMzUZMggQj2fgAo6QJBkQfBoepzR_Oz0P7OJqpuozJJO_OzCP7Y1qRPo17BpZ3O6HcoD692qu7gN3_-Sq1Y2Z_uozJV2_JoGrB2yQAoiH7203Ao6qMUpZMh-qMY2_1o-r7BWo9giQ1NDZ325q1YI39P6z7Od392uPV29z_Vqq_nF_7zsH1h9zMxoHjB73M2ooJOE_92gQ1jp3uPcq1B2PfBiH72F3s-DPuKa1MhszsBF3jo-ojBke3BHe72fyfODQMV9o3gsZJ2f3jx3qMzc69Cqe7jfZ32Cq1hAZSgsQ3hXyurOgMHaqIgszsBF3jo-ojBke3BHe72dgVP383u36_CgufzEZ325q3-J_Mgo8MDh_uxd6c-JZSoiHfedgjPR8c-I6_oMZIxEgJrh6cgI_MB-q9P2yp-6PMoWuMggQj2fgAo6QJBkQfBoqB17_c2VP7NJypV68jBN_uzC81N11_o-q9P2yp-6PMoWuMgsHBgtyfO6Q7BkQfBo8j1O_3j7HjO1_9x6zVBR_7zs8JYAZsjibm-sQIupPcua9fBj9RyaUstpHAHRomFiyfV7g3P5rSBwrRuSgfupPVYxPIzaq3-OPc1i6BDiHpjOHZUDUseFHAjibmUpHAHibmUfH_UibmUp6A1FUB7DUMPaQRuF9Ro7rMV7g3PNUs2QHZFa9ZFirI-2yfuwyMBjUstOo_nDUMP5y3hwq3ei6sUDUMg2QMVD9R-BQI-xQMWwy3zpyfYagZUEo_ya6Zdd6AHFH_jdHArFH_eDUSVOg9-N9R-BQI-xQMWwrfo5rM1i6snXopypoAnNHAKa6AeFopKFoR7?pub_id=0&pub_unit=0&page=1&pub_domain=0&keywords=rx+6600&is_search=1&ob=23&management_type=1&t=desktop&r=https%3A%2F%2Fwww.tokopedia.com%2Falfaatri%2Fmsi-vga-rx-6600-xt-mech-2x-8g-ocv1%3FextParam%3Divf%253Dfalse%26src%3Dtopads&src=search&dv=desktop;MSI VGA RX 6600 XT MECH 2X 8G OCV1;Rp4.299.000
